,ts_code,trade_date,open,high,low,close,pre_close,change,pct_chg,vol,amount
0,600466.SH,20200109,7.47,7.62,7.47,7.61,7.35,0.26,3.5374,283641.03,214539.98
1,600466.SH,20200108,7.39,7.42,7.24,7.35,7.44,-0.09,-1.2097,284825.73,208681.132
2,600466.SH,20200107,7.39,7.46,7.34,7.44,7.39,0.05,0.6766,184625.73,136598.597
3,600466.SH,20200106,7.5,7.52,7.32,7.39,7.51,-0.12,-1.5979,277165.89,205954.023
4,600466.SH,20200103,7.64,7.67,7.49,7.51,7.68,-0.17,-2.2135,357084.21,270448.509
5,600466.SH,20200102,7.48,7.75,7.48,7.68,7.37,0.31,4.2062,534245.85,408970.886
6,600466.SH,20191231,7.16,7.42,7.14,7.37,7.15,0.22,3.0769,350288.63,255521.473
7,600466.SH,20191230,7.1,7.21,7.09,7.15,7.07,0.08,1.1315,204694.5,146029.866
8,600466.SH,20191227,7.08,7.15,7.05,7.07,7.09,-0.02,-0.2821,216955.11,153870.432
9,600466.SH,20191226,7.03,7.17,7.02,7.09,6.96,0.13,1.8678,278274.48,197859.167
10,600466.SH,20191225,6.98,7.02,6.9,6.96,6.98,-0.02,-0.2865,145966.7,101695.003
11,600466.SH,20191224,7.07,7.12,6.9,6.98,7.06,-0.08,-1.1331,256669.6,179128.603
12,600466.SH,20191223,7.21,7.31,7.03,7.06,7.17,-0.11,-1.5342,263709.31,188965.516
13,600466.SH,20191220,7.1,7.4,7.04,7.17,7.08,0.09,1.2712,408155.04,295452.832
14,600466.SH,20191219,7.14,7.27,7.07,7.08,7.16,-0.08,-1.1173,237258.36,169521.126
15,600466.SH,20191218,7.08,7.16,7.03,7.16,7.09,0.07,0.9873,253533.79,179857.744
16,600466.SH,20191217,6.98,7.17,6.93,7.09,6.99,0.1,1.4306,306029.0,215983.95
17,600466.SH,20191216,7.02,7.02,6.9,6.99,6.97,0.02,0.2869,234805.95,163216.663
18,600466.SH,20191213,6.98,6.99,6.86,6.97,6.89,0.08,1.1611,244630.11,169440.708
19,600466.SH,20191212,6.94,7.08,6.88,6.89,6.97,-0.08,-1.1478,221057.8,153555.0
20,600466.SH,20191211,6.89,6.99,6.83,6.97,6.88,0.09,1.3081,244556.43,169447.588
21,600466.SH,20191210,6.89,6.92,6.8,6.88,6.91,-0.03,-0.4342,174294.33,119396.283
22,600466.SH,20191209,6.71,6.95,6.71,6.91,6.7,0.21,3.1343,344306.59,236074.904
23,600466.SH,20191206,6.69,6.72,6.62,6.7,6.71,-0.01,-0.149,156441.72,104217.549
24,600466.SH,20191205,6.78,6.8,6.64,6.71,6.79,-0.08,-1.1782,180651.42,121025.965
25,600466.SH,20191204,6.85,6.86,6.69,6.79,6.93,-0.14,-2.0202,189931.45,128653.541
26,600466.SH,20191203,6.8,6.93,6.74,6.93,6.82,0.11,1.6129,226870.64,155112.617
27,600466.SH,20191202,6.64,6.87,6.64,6.82,6.62,0.2,3.0211,212098.56,143891.492
28,600466.SH,20191129,6.68,6.77,6.59,6.62,6.68,-0.06,-0.8982,131659.57,87758.985
29,600466.SH,20191128,6.8,6.85,6.66,6.68,6.8,-0.12,-1.7647,196158.58,131887.185
30,600466.SH,20191127,6.61,6.98,6.57,6.8,6.52,0.28,4.2945,467891.36,318718.401
31,600466.SH,20191126,6.78,6.85,6.52,6.52,6.83,-0.31,-4.5388,327127.59,216669.574
32,600466.SH,20191125,6.67,6.94,6.62,6.83,6.62,0.21,3.1722,306670.25,208872.957
33,600466.SH,20191122,6.72,6.86,6.59,6.62,6.72,-0.1,-1.4881,222599.44,149340.04
34,600466.SH,20191121,6.66,6.79,6.6,6.72,6.66,0.06,0.9009,205963.01,138358.223
35,600466.SH,20191120,6.63,6.73,6.59,6.66,6.64,0.02,0.3012,225944.81,150982.26
36,600466.SH,20191119,6.47,6.64,6.44,6.64,6.48,0.16,2.4691,169636.81,111625.776
37,600466.SH,20191118,6.25,6.49,6.25,6.48,6.29,0.19,3.0207,156027.59,100006.984
38,600466.SH,20191115,6.35,6.43,6.28,6.29,6.34,-0.05,-0.7886,116736.43,74138.283
39,600466.SH,20191114,6.29,6.38,6.24,6.34,6.27,0.07,1.1164,124885.16,79012.85
40,600466.SH,20191113,6.38,6.38,6.23,6.27,6.34,-0.07,-1.1041,177678.99,111417.062
41,600466.SH,20191112,6.39,6.41,6.29,6.34,6.37,-0.03,-0.471,156774.2,99226.425
42,600466.SH,20191111,6.49,6.51,6.37,6.37,6.51,-0.14,-2.1505,175019.43,112333.026
43,600466.SH,20191108,6.64,6.69,6.5,6.51,6.6,-0.09,-1.3636,202571.42,133556.136
44,600466.SH,20191107,6.57,6.67,6.51,6.6,6.54,0.06,0.9174,194380.09,128126.068
45,600466.SH,20191106,6.79,6.79,6.52,6.54,6.74,-0.2,-2.9674,375641.74,247509.276
46,600466.SH,20191105,6.57,6.88,6.49,6.74,6.53,0.21,3.2159,481061.15,325158.574
47,600466.SH,20191104,6.53,6.57,6.46,6.53,6.5,0.03,0.4615,255243.96,166537.638
48,600466.SH,20191101,6.35,6.54,6.22,6.5,6.4,0.1,1.5625,242595.84,155464.081
49,600466.SH,20191031,6.36,6.44,6.27,6.4,6.35,0.05,0.7874,193796.5,123122.167
50,600466.SH,20191030,6.43,6.49,6.3,6.35,6.45,-0.1,-1.5504,202090.4,129144.824
51,600466.SH,20191029,6.5,6.53,6.42,6.45,6.55,-0.1,-1.5267,209220.09,135491.317
52,600466.SH,20191028,6.61,6.63,6.41,6.55,6.64,-0.09,-1.3554,299889.94,195784.234
53,600466.SH,20191025,6.58,6.76,6.51,6.64,6.49,0.15,2.3112,422430.44,280190.236
54,600466.SH,20191024,6.44,6.55,6.39,6.49,6.4,0.09,1.4063,213523.73,138081.947
55,600466.SH,20191023,6.56,6.58,6.38,6.4,6.56,-0.16,-2.439,229459.87,148052.129
56,600466.SH,20191022,6.65,6.72,6.5,6.56,6.64,-0.08,-1.2048,251020.69,164899.167
57,600466.SH,20191021,6.6,6.85,6.5,6.64,6.57,0.07,1.0654,425277.07,284122.029
58,600466.SH,20191018,7.15,7.15,6.43,6.57,7.02,-0.45,-6.4103,671221.85,448228.847
59,600466.SH,20191017,7.2,7.2,6.95,7.02,7.15,-0.13,-1.8182,471163.01,331912.258
60,600466.SH,20191016,7.12,7.48,7.02,7.15,7.07,0.08,1.1315,433302.25,312818.364
61,600466.SH,20191015,6.92,7.12,6.88,7.07,6.9,0.17,2.4638,440705.61,310776.217
62,600466.SH,20191014,6.71,7.13,6.68,6.9,6.65,0.25,3.7594,497216.04,343586.106
63,600466.SH,20191011,6.7,6.72,6.52,6.65,6.6,0.05,0.7576,249809.15,165792.627
64,600466.SH,20191010,6.47,6.69,6.43,6.6,6.46,0.14,2.1672,373252.58,245844.163
65,600466.SH,20191009,6.26,6.51,6.24,6.46,6.28,0.18,2.8662,385952.46,247895.649
66,600466.SH,20191008,6.09,6.38,5.99,6.28,6.01,0.27,4.4925,324987.07,202806.043
67,600466.SH,20190930,6.0,6.11,5.99,6.01,6.02,-0.01,-0.1661,120068.6,72614.956
68,600466.SH,20190927,6.13,6.13,5.99,6.02,6.1,-0.08,-1.3115,187701.14,113094.686
69,600466.SH,20190926,6.16,6.22,6.06,6.1,6.18,-0.08,-1.2945,179798.98,110348.011
70,600466.SH,20190925,6.14,6.23,6.08,6.18,6.1,0.08,1.3115,156633.1,96525.364
71,600466.SH,20190924,6.17,6.19,6.04,6.1,6.17,-0.07,-1.1345,157541.04,96418.242
72,600466.SH,20190923,6.3,6.31,6.09,6.17,6.29,-0.12,-1.9078,149991.83,92214.105
73,600466.SH,20190920,6.3,6.36,6.25,6.29,6.3,-0.01,-0.1587,145628.66,91732.774
74,600466.SH,20190919,6.4,6.44,6.27,6.3,6.4,-0.1,-1.5625,247746.59,156632.124
75,600466.SH,20190918,6.27,6.44,6.22,6.4,6.23,0.17,2.7287,231533.69,147471.549
76,600466.SH,20190917,6.31,6.35,6.21,6.23,6.32,-0.09,-1.4241,174194.05,108991.824
77,600466.SH,20190916,6.35,6.42,6.27,6.32,6.34,-0.02,-0.3155,267422.73,169200.27
78,600466.SH,20190912,6.09,6.35,6.09,6.34,6.05,0.29,4.7934,411299.12,257852.439
79,600466.SH,20190911,6.08,6.13,6.01,6.05,6.09,-0.04,-0.6568,137904.49,83486.177
80,600466.SH,20190910,6.16,6.19,6.05,6.09,6.16,-0.07,-1.1364,130093.88,79292.314
81,600466.SH,20190909,6.16,6.21,6.12,6.16,6.08,0.08,1.3158,205489.8,126702.941
82,600466.SH,20190906,6.1,6.14,6.03,6.08,6.03,0.05,0.8292,178619.35,108910.849
83,600466.SH,20190905,6.03,6.15,6.0,6.03,5.98,0.05,0.8361,272681.63,166124.359
84,600466.SH,20190904,5.74,5.98,5.72,5.98,5.78,0.2,3.4602,274953.27,161909.114
85,600466.SH,20190903,5.81,5.81,5.72,5.78,5.8,-0.02,-0.3448,150531.16,86597.782
86,600466.SH,20190902,5.71,5.8,5.65,5.8,5.71,0.09,1.5762,237302.72,136176.952
87,600466.SH,20190830,5.96,5.96,5.68,5.71,5.88,-0.17,-2.8912,223024.96,128856.193
88,600466.SH,20190829,6.09,6.11,5.85,5.88,6.06,-0.18,-2.9703,236878.24,140296.39
89,600466.SH,20190828,6.06,6.1,5.97,6.06,6.06,0.0,0.0,160741.63,97288.877
90,600466.SH,20190827,6.12,6.19,6.03,6.06,6.1,-0.04,-0.6557,195367.16,119354.587
91,600466.SH,20190826,6.11,6.19,6.02,6.1,6.16,-0.06,-0.974,197114.44,120184.879
92,600466.SH,20190823,6.09,6.18,6.06,6.16,6.05,0.11,1.8182,311778.2,191514.13
93,600466.SH,20190822,6.03,6.06,5.99,6.05,6.02,0.03,0.4983,116395.17,70114.038
94,600466.SH,20190821,5.89,6.04,5.88,6.02,5.93,0.09,1.5177,144813.94,86955.346
95,600466.SH,20190820,5.9,5.95,5.85,5.93,5.87,0.06,1.0221,144630.46,85598.793
96,600466.SH,20190819,5.69,5.9,5.66,5.87,5.65,0.22,3.8938,193613.91,112119.546
97,600466.SH,20190816,5.7,5.75,5.63,5.65,5.69,-0.04,-0.703,141265.36,80444.686
98,600466.SH,20190815,5.55,5.71,5.5,5.69,5.66,0.03,0.53,116501.34,65368.817
99,600466.SH,20190814,5.74,5.77,5.64,5.66,5.67,-0.01,-0.1764,96695.38,54997.962
100,600466.SH,20190813,5.72,5.72,5.61,5.67,5.75,-0.08,-1.3913,99685.83,56487.04
101,600466.SH,20190812,5.68,5.76,5.66,5.75,5.7,0.05,0.8772,116609.01,66767.409
102,600466.SH,20190809,5.8,5.83,5.65,5.7,5.78,-0.08,-1.3841,169012.05,96375.281
103,600466.SH,20190808,5.85,5.87,5.75,5.78,5.85,-0.07,-1.1966,129928.45,75199.244
104,600466.SH,20190807,5.82,5.86,5.72,5.85,5.8,0.05,0.8621,197893.13,114931.524
105,600466.SH,20190806,5.62,5.84,5.58,5.8,5.75,0.05,0.8696,258763.87,147169.899
106,600466.SH,20190805,5.78,5.81,5.72,5.75,5.81,-0.06,-1.0327,192642.05,111040.584
107,600466.SH,20190802,5.85,5.92,5.73,5.81,5.99,-0.18,-3.005,294419.33,170992.631
108,600466.SH,20190801,6.1,6.11,5.95,5.99,6.11,-0.12,-1.964,247502.23,148858.829
109,600466.SH,20190731,6.24,6.24,6.08,6.11,6.27,-0.16,-2.5518,348093.43,213334.023
110,600466.SH,20190730,6.25,6.35,6.25,6.27,6.26,0.01,0.1597,188580.21,118648.428
111,600466.SH,20190729,6.42,6.44,6.24,6.26,6.38,-0.12,-1.8809,245119.2,154398.341
112,600466.SH,20190726,6.23,6.39,6.2,6.38,6.24,0.14,2.2436,268508.89,170003.675
113,600466.SH,20190725,6.31,6.32,6.13,6.24,6.31,-0.07,-1.1094,308258.58,191171.956
114,600466.SH,20190724,6.37,6.37,6.26,6.31,6.33,-0.02,-0.316,300557.7,189572.019
115,600466.SH,20190723,6.49,6.53,6.24,6.33,6.33,0.0,0.0,285781.7,181234.999
116,600466.SH,20190722,6.52,6.52,6.3,6.33,6.5,-0.17,-2.6154,256401.15,163708.961
117,600466.SH,20190719,6.32,6.53,6.31,6.5,6.26,0.24,3.8339,347859.48,224070.331
118,600466.SH,20190718,6.41,6.42,6.21,6.26,6.41,-0.15,-2.3401,335700.44,211168.556
119,600466.SH,20190717,6.45,6.52,6.36,6.41,6.42,-0.01,-0.1558,270349.88,173951.88
120,600466.SH,20190716,6.3,6.45,6.28,6.42,6.26,0.16,2.5559,254143.13,162268.229
121,600466.SH,20190715,6.16,6.33,6.05,6.26,6.13,0.13,2.1207,368012.98,228765.472
122,600466.SH,20190712,6.17,6.26,6.11,6.13,6.15,-0.02,-0.3252,227562.46,140679.272
123,600466.SH,20190711,5.99,6.24,5.98,6.15,5.87,0.28,4.77,478708.43,292709.032
124,600466.SH,20190710,6.2,6.21,5.84,5.87,6.15,-0.28,-4.5528,384579.09,229404.401
125,600466.SH,20190709,6.13,6.25,6.12,6.15,6.16,-0.01,-0.1623,147682.88,91278.987
126,600466.SH,20190708,6.37,6.4,6.12,6.16,6.4,-0.24,-3.75,282257.09,175486.258
127,600466.SH,20190705,6.5,6.68,6.38,6.4,6.55,-0.15,-2.2901,257930.71,167248.396
128,600466.SH,20190704,6.38,6.71,6.37,6.55,6.44,0.11,1.7081,397894.79,262369.437
129,600466.SH,20190703,6.22,6.55,6.21,6.44,6.27,0.17,2.7113,360160.16,230584.753
130,600466.SH,20190702,6.3,6.31,6.18,6.27,6.34,-0.07,-1.1041,262063.56,163186.405
131,600466.SH,20190701,6.3,6.41,6.21,6.34,6.22,0.12,1.9293,263293.02,166134.841
132,600466.SH,20190628,6.37,6.37,6.18,6.22,6.37,-0.15,-2.3548,140490.29,87765.948
133,600466.SH,20190627,6.38,6.42,6.29,6.37,6.32,0.05,0.7911,142266.37,90590.21
134,600466.SH,20190626,6.3,6.41,6.1,6.32,6.32,0.0,0.0,132633.45,84027.995
135,600466.SH,20190625,6.46,6.47,6.2,6.32,6.45,-0.13,-2.0155,151233.95,95302.033
136,600466.SH,20190624,6.42,6.47,6.37,6.45,6.41,0.04,0.624,145994.77,93702.061
137,600466.SH,20190621,6.42,6.52,6.36,6.41,6.4,0.01,0.1563,185397.99,119078.35
138,600466.SH,20190620,6.28,6.53,6.23,6.4,6.26,0.14,2.2364,190162.29,121426.087
139,600466.SH,20190619,6.39,6.46,6.24,6.26,6.26,0.0,0.0,191073.15,121540.892
140,600466.SH,20190618,6.29,6.32,6.17,6.26,6.31,-0.05,-0.7924,136318.36,85044.27
141,600466.SH,20190617,6.37,6.5,6.24,6.31,6.37,-0.06,-0.9419,179376.63,113531.73
142,600466.SH,20190614,6.25,6.54,6.24,6.37,6.19,0.18,2.9079,402035.4,257635.656
143,600466.SH,20190613,6.24,6.29,6.1,6.19,6.22,-0.03,-0.4823,160556.68,99116.705
144,600466.SH,20190612,6.21,6.31,6.18,6.22,6.22,0.0,0.0,178569.73,111269.955
145,600466.SH,20190611,5.99,6.27,5.98,6.22,5.91,0.31,5.2453,403831.21,249104.814
146,600466.SH,20190610,5.75,5.93,5.67,5.91,5.7,0.21,3.6842,305833.49,178778.48
147,600466.SH,20190606,5.86,5.87,5.67,5.7,5.84,-0.14,-2.3973,141773.86,81666.743
148,600466.SH,20190605,5.77,5.97,5.73,5.84,5.71,0.13,2.2767,311640.15,182535.851
149,600466.SH,20190604,5.87,5.87,5.68,5.71,5.87,-0.16,-2.7257,177738.85,101895.941
150,600466.SH,20190603,5.88,5.98,5.83,5.87,5.92,-0.05,-0.8446,142182.21,83766.335
151,600466.SH,20190531,5.93,5.95,5.81,5.92,5.92,0.0,0.0,156885.36,92763.848
152,600466.SH,20190530,5.86,5.96,5.8,5.92,5.9,0.02,0.339,115880.6,68089.821
153,600466.SH,20190529,5.97,6.0,5.87,5.9,6.0,-0.1,-1.6667,191274.83,113212.304
154,600466.SH,20190528,6.0,6.06,5.95,6.0,5.98,0.02,0.3344,176001.08,105682.647
155,600466.SH,20190527,5.87,6.04,5.8,5.98,5.84,0.14,2.3973,224426.04,133100.389
156,600466.SH,20190524,6.01,6.06,5.76,5.84,6.01,-0.17,-2.8286,179456.58,105219.687
157,600466.SH,20190523,6.12,6.12,5.97,6.01,6.13,-0.12,-1.9576,154410.18,93291.301
158,600466.SH,20190522,6.22,6.25,6.07,6.13,6.22,-0.09,-1.4469,199097.44,121833.974
159,600466.SH,20190521,6.11,6.31,6.1,6.22,6.13,0.09,1.4682,192100.74,119394.116
160,600466.SH,20190520,6.19,6.22,5.99,6.13,6.22,-0.09,-1.4469,168667.2,102508.192
161,600466.SH,20190517,6.37,6.58,6.18,6.22,6.32,-0.1,-1.5823,247032.13,157338.202
162,600466.SH,20190516,6.28,6.33,6.24,6.32,6.28,0.04,0.6369,142443.23,89649.13
163,600466.SH,20190515,6.2,6.33,6.17,6.28,6.15,0.13,2.1138,209699.77,130935.131
164,600466.SH,20190514,6.15,6.24,6.14,6.15,6.21,-0.06,-0.9662,161254.67,99584.193
165,600466.SH,20190513,6.27,6.28,6.13,6.21,6.4,-0.19,-2.9688,172314.6,107003.666
166,600466.SH,20190510,6.22,6.42,6.03,6.4,6.26,0.14,2.2364,381067.15,238413.136
167,600466.SH,20190509,6.38,6.41,6.05,6.26,6.25,0.01,0.16,301928.97,187761.753
168,600466.SH,20190508,6.17,6.38,6.07,6.25,6.25,0.0,0.0,213773.4,134307.114
169,600466.SH,20190507,6.39,6.53,6.29,6.51,6.26,0.25,3.9936,327275.37,209648.607
170,600466.SH,20190506,6.69,6.69,6.26,6.26,6.96,-0.7,-10.0575,428344.4,275528.428
171,600466.SH,20190430,7.06,7.1,6.88,6.96,7.03,-0.07,-0.9957,268931.43,186602.208
172,600466.SH,20190429,7.05,7.16,6.96,7.03,6.97,0.06,0.8608,260344.47,183666.996
173,600466.SH,20190426,6.88,7.08,6.85,6.97,6.92,0.05,0.7225,204441.87,142312.126
174,600466.SH,20190425,6.97,7.14,6.9,6.92,6.96,-0.04,-0.5747,272281.35,191857.672
175,600466.SH,20190424,7.0,7.01,6.83,6.96,6.96,0.0,0.0,227616.72,157655.165
176,600466.SH,20190423,6.98,7.05,6.91,6.96,6.93,0.03,0.4329,284198.37,198243.135
177,600466.SH,20190422,7.16,7.24,6.88,6.93,7.37,-0.44,-5.9701,492232.84,345842.825
178,600466.SH,20190419,7.3,7.43,7.21,7.37,7.27,0.1,1.3755,246586.49,180291.139
179,600466.SH,20190418,7.47,7.49,7.25,7.27,7.48,-0.21,-2.8075,313231.62,229831.953
180,600466.SH,20190417,7.56,7.59,7.28,7.48,7.56,-0.08,-1.0582,499896.11,369918.799
181,600466.SH,20190416,7.71,7.71,7.15,7.56,7.78,-0.22,-2.8278,578996.77,427977.457
182,600466.SH,20190415,8.02,8.17,7.77,7.78,7.87,-0.09,-1.1436,291003.37,232603.166
183,600466.SH,20190412,7.9,8.04,7.77,7.87,7.9,-0.03,-0.3797,220390.44,173639.172
184,600466.SH,20190411,8.2,8.22,7.73,7.9,8.18,-0.28,-3.423,463117.66,367579.6
185,600466.SH,20190410,8.3,8.43,8.12,8.18,8.46,-0.28,-3.3097,546238.33,450533.974
186,600466.SH,20190409,7.77,8.47,7.77,8.46,7.7,0.76,9.8701,863509.44,712113.564
187,600466.SH,20190408,7.88,7.95,7.56,7.7,7.8,-0.1,-1.2821,342876.08,266206.277
188,600466.SH,20190404,7.81,7.9,7.69,7.8,7.81,-0.01,-0.128,377057.71,293981.187
189,600466.SH,20190403,7.63,7.97,7.6,7.81,7.69,0.12,1.5605,382667.66,298003.142
190,600466.SH,20190402,7.8,7.94,7.66,7.69,7.74,-0.05,-0.646,328141.83,254925.67
191,600466.SH,20190401,7.48,8.1,7.48,7.74,7.38,0.36,4.878,603298.14,470263.11
192,600466.SH,20190329,7.06,7.43,6.95,7.38,7.05,0.33,4.6809,444637.25,320956.025
193,600466.SH,20190328,7.33,7.38,6.86,7.05,7.39,-0.34,-4.6008,509040.76,359098.288
194,600466.SH,20190327,7.27,7.41,7.15,7.39,7.21,0.18,2.4965,250089.81,181388.212
195,600466.SH,20190326,7.44,7.5,7.18,7.21,7.4,-0.19,-2.5676,288401.01,210840.681
196,600466.SH,20190325,7.3,7.63,7.26,7.4,7.41,-0.01,-0.135,356999.19,265851.367
197,600466.SH,20190322,7.48,7.55,7.24,7.41,7.48,-0.07,-0.9358,285813.87,211066.597
198,600466.SH,20190321,7.33,7.66,7.33,7.48,7.25,0.23,3.1724,553167.86,417423.928
199,600466.SH,20190320,7.2,7.32,7.02,7.25,7.23,0.02,0.2766,406845.96,291927.761
200,600466.SH,20190319,7.29,7.55,7.17,7.23,7.21,0.02,0.2774,551468.46,405151.424
201,600466.SH,20190318,7.15,7.23,6.81,7.21,6.91,0.3,4.3415,830910.72,585232.401
202,600466.SH,20190315,6.68,7.03,6.66,6.91,6.68,0.23,3.4431,407863.45,281322.567
203,600466.SH,20190314,6.78,7.03,6.6,6.68,6.86,-0.18,-2.6239,306375.85,207238.127
204,600466.SH,20190313,6.58,6.98,6.51,6.86,6.57,0.29,4.414,662495.88,449534.333
205,600466.SH,20190312,6.42,6.72,6.41,6.57,6.36,0.21,3.3019,368575.26,241959.731
206,600466.SH,20190311,6.22,6.39,6.15,6.36,6.25,0.11,1.76,283815.92,178611.049
207,600466.SH,20190308,6.59,6.63,6.25,6.25,6.72,-0.47,-6.994,434330.91,279977.412
208,600466.SH,20190307,6.78,6.84,6.64,6.72,6.85,-0.13,-1.8978,307919.48,207005.314
209,600466.SH,20190306,6.86,6.95,6.58,6.85,6.79,0.06,0.8837,470843.15,318000.769
210,600466.SH,20190305,6.55,6.87,6.5,6.79,6.35,0.44,6.9291,617767.62,414102.709
211,600466.SH,20190304,6.32,6.57,6.28,6.35,6.26,0.09,1.4377,581062.27,373556.834
212,600466.SH,20190301,6.27,6.31,6.19,6.26,6.21,0.05,0.8052,207788.44,129498.121
213,600466.SH,20190228,6.3,6.35,6.16,6.21,6.24,-0.03,-0.4808,303501.97,189656.163
214,600466.SH,20190227,6.08,6.32,6.08,6.24,6.12,0.12,1.9608,505753.02,313223.536
215,600466.SH,20190226,6.01,6.32,6.01,6.12,6.0,0.12,2.0,461818.29,285285.763
216,600466.SH,20190225,5.72,6.05,5.72,6.0,5.7,0.3,5.2632,404071.65,238234.995
217,600466.SH,20190222,5.66,5.72,5.6,5.7,5.65,0.05,0.885,162786.73,92168.283
218,600466.SH,20190221,5.75,5.79,5.58,5.65,5.74,-0.09,-1.5679,201290.7,114507.053
219,600466.SH,20190220,5.7,5.79,5.64,5.74,5.69,0.05,0.8787,130701.66,74823.978
220,600466.SH,20190219,5.83,5.86,5.6,5.69,5.82,-0.13,-2.2337,235356.03,134727.332
221,600466.SH,20190218,5.67,5.84,5.65,5.82,5.66,0.16,2.8269,187960.97,108030.758
222,600466.SH,20190215,5.83,5.87,5.66,5.66,5.86,-0.2,-3.413,160355.03,91815.036
223,600466.SH,20190214,5.86,5.91,5.81,5.86,5.9,-0.04,-0.678,119960.36,70157.532
224,600466.SH,20190213,5.78,5.99,5.72,5.9,5.78,0.12,2.0761,192612.56,113325.986
225,600466.SH,20190212,5.78,5.83,5.68,5.78,5.79,-0.01,-0.1727,133766.82,77124.264
226,600466.SH,20190211,5.63,5.83,5.63,5.79,5.63,0.16,2.8419,168136.17,96768.923
227,600466.SH,20190201,5.62,5.68,5.57,5.63,5.55,0.08,1.4414,115448.71,64922.236
228,600466.SH,20190131,5.61,5.71,5.51,5.55,5.55,0.0,0.0,142395.27,79701.508
229,600466.SH,20190130,5.62,5.74,5.48,5.55,5.64,-0.09,-1.5957,191075.82,107246.591
230,600466.SH,20190129,5.5,5.68,5.45,5.64,5.49,0.15,2.7322,225619.56,125673.168
231,600466.SH,20190128,5.4,5.56,5.33,5.49,5.36,0.13,2.4254,168664.44,92191.02
232,600466.SH,20190125,5.34,5.52,5.31,5.36,5.25,0.11,2.0952,173270.83,93738.443
233,600466.SH,20190124,5.27,5.28,5.17,5.25,5.27,-0.02,-0.3795,61544.04,32235.307
234,600466.SH,20190123,5.26,5.28,5.2,5.27,5.26,0.01,0.1901,42102.88,22040.381
235,600466.SH,20190122,5.25,5.3,5.19,5.26,5.26,0.0,0.0,103080.56,54073.584
236,600466.SH,20190121,5.36,5.36,5.2,5.26,5.31,-0.05,-0.9416,129200.14,67743.729
237,600466.SH,20190118,5.18,5.32,5.18,5.31,5.2,0.11,2.1154,89057.03,46744.432
238,600466.SH,20190117,5.29,5.34,5.16,5.2,5.29,-0.09,-1.7013,86902.25,45501.156
239,600466.SH,20190116,5.35,5.35,5.28,5.29,5.36,-0.07,-1.306,66087.19,35053.042
240,600466.SH,20190115,5.24,5.38,5.17,5.36,5.27,0.09,1.7078,105439.75,55628.295
241,600466.SH,20190114,5.37,5.42,5.24,5.27,5.37,-0.1,-1.8622,79265.1,41954.047
242,600466.SH,20190111,5.49,5.51,5.32,5.37,5.43,-0.06,-1.105,93974.23,50484.869
243,600466.SH,20190110,5.51,5.53,5.41,5.43,5.47,-0.04,-0.7313,57957.25,31667.619
244,600466.SH,20190109,5.47,5.6,5.44,5.47,5.47,0.0,0.0,101806.26,56227.815
245,600466.SH,20190108,5.4,5.53,5.3,5.47,5.45,0.02,0.367,100129.02,54374.376
246,600466.SH,20190107,5.43,5.57,5.41,5.45,5.43,0.02,0.3683,105843.21,57919.225
247,600466.SH,20190104,5.09,5.44,5.08,5.43,5.16,0.27,5.2326,127681.16,67762.352
248,600466.SH,20190103,5.23,5.34,5.09,5.16,5.25,-0.09,-1.7143,86026.46,44735.212
249,600466.SH,20190102,5.36,5.43,5.18,5.25,5.38,-0.13,-2.4164,106293.52,56172.89
250,600466.SH,20181228,5.46,5.52,5.25,5.38,5.49,-0.11,-2.0036,140521.1,75670.971
251,600466.SH,20181227,5.42,5.58,5.4,5.49,5.34,0.15,2.809,180970.25,99193.997
252,600466.SH,20181226,5.3,5.41,5.27,5.34,5.31,0.03,0.565,76567.5,40963.929
253,600466.SH,20181225,5.34,5.38,5.18,5.31,5.39,-0.08,-1.4842,98461.34,51740.354
254,600466.SH,20181224,5.38,5.43,5.25,5.39,5.38,0.01,0.1859,118661.3,63286.555
255,600466.SH,20181221,5.3,5.4,5.21,5.38,5.36,0.02,0.3731,124850.59,66544.03
256,600466.SH,20181220,5.48,5.53,5.32,5.36,5.42,-0.06,-1.107,173218.7,93592.302
257,600466.SH,20181219,5.54,5.59,5.38,5.42,5.53,-0.11,-1.9892,158870.33,87252.877
258,600466.SH,20181218,5.66,5.69,5.41,5.53,5.75,-0.22,-3.8261,301203.57,166725.117
259,600466.SH,20181217,5.72,5.87,5.61,5.75,5.62,0.13,2.3132,305343.03,174849.611
260,600466.SH,20181214,5.95,5.95,5.62,5.62,5.89,-0.27,-4.584,405936.93,235305.206
261,600466.SH,20181213,5.41,5.89,5.36,5.89,5.35,0.54,10.0935,504403.64,292095.95
262,600466.SH,20181212,5.25,5.43,5.22,5.35,5.22,0.13,2.4904,158895.55,84970.941
263,600466.SH,20181211,5.13,5.24,5.01,5.22,5.13,0.09,1.7544,104967.02,53869.797
264,600466.SH,20181210,5.12,5.22,5.1,5.13,5.16,-0.03,-0.5814,91375.1,47127.555
265,600466.SH,20181207,5.14,5.21,5.1,5.16,5.14,0.02,0.3891,98012.93,50518.798
266,600466.SH,20181206,5.23,5.23,5.08,5.14,5.23,-0.09,-1.7208,103626.38,53385.78
267,600466.SH,20181205,5.27,5.31,5.14,5.23,5.31,-0.08,-1.5066,113529.12,59570.807
268,600466.SH,20181204,5.3,5.38,5.21,5.31,5.28,0.03,0.5682,168114.97,88884.53
269,600466.SH,20181203,5.36,5.41,5.24,5.28,5.21,0.07,1.3436,139721.17,74165.438
270,600466.SH,20181130,5.3,5.35,5.13,5.21,5.29,-0.08,-1.5123,111300.71,58027.085
271,600466.SH,20181129,5.38,5.44,5.27,5.29,5.34,-0.05,-0.9363,136214.92,73034.809
272,600466.SH,20181128,5.13,5.39,5.13,5.34,5.13,0.21,4.0936,108789.05,57405.328
273,600466.SH,20181127,5.11,5.18,5.04,5.13,5.06,0.07,1.3834,79402.59,40629.624
274,600466.SH,20181126,5.09,5.15,5.01,5.06,5.1,-0.04,-0.7843,85411.12,43404.737
275,600466.SH,20181123,5.26,5.34,5.02,5.1,5.26,-0.16,-3.0418,113316.61,58489.818
276,600466.SH,20181122,5.25,5.35,5.23,5.26,5.25,0.01,0.1905,89182.05,47139.191
277,600466.SH,20181121,5.15,5.32,5.15,5.25,5.26,-0.01,-0.1901,116740.42,61158.646
278,600466.SH,20181120,5.41,5.48,5.18,5.26,5.45,-0.19,-3.4862,130679.27,69348.599
279,600466.SH,20181119,5.36,5.46,5.29,5.45,5.36,0.09,1.6791,148638.92,80177.017
280,600466.SH,20181116,5.39,5.5,5.32,5.36,5.39,-0.03,-0.5566,99706.45,53776.539
281,600466.SH,20181115,5.21,5.42,5.17,5.39,5.23,0.16,3.0593,154283.88,81959.268
282,600466.SH,20181114,5.19,5.33,5.19,5.23,5.28,-0.05,-0.947,125941.27,66231.718
283,600466.SH,20181113,5.16,5.32,5.15,5.28,5.22,0.06,1.1494,128510.78,67516.343
284,600466.SH,20181112,5.26,5.28,5.07,5.22,5.18,0.04,0.7722,130668.24,67565.079
285,600466.SH,20181109,5.02,5.25,4.99,5.18,5.02,0.16,3.1873,151135.58,78014.01
286,600466.SH,20181108,5.1,5.16,5.01,5.02,5.09,-0.07,-1.3752,88710.59,45014.259
287,600466.SH,20181107,5.14,5.22,5.06,5.09,5.14,-0.05,-0.9728,133863.51,68721.57
288,600466.SH,20181106,4.93,5.17,4.91,5.14,4.94,0.2,4.0486,166070.09,84572.367
289,600466.SH,20181105,4.9,4.98,4.85,4.94,4.94,0.0,0.0,141094.97,69517.467
290,600466.SH,20181102,4.92,4.98,4.84,4.94,4.85,0.09,1.8557,130588.15,64136.124
291,600466.SH,20181101,4.9,4.98,4.82,4.85,4.75,0.1,2.1053,220730.14,108412.962
292,600466.SH,20181031,4.74,4.85,4.69,4.75,4.72,0.03,0.6356,137802.44,65869.165
293,600466.SH,20181030,4.53,4.75,4.5,4.72,4.6,0.12,2.6087,206050.27,96407.801
294,600466.SH,20181029,4.73,4.73,4.52,4.6,4.75,-0.15,-3.1579,200655.16,92366.75
295,600466.SH,20181026,4.5,4.78,4.47,4.75,4.47,0.28,6.264,293119.63,137253.274
296,600466.SH,20181025,4.27,4.5,4.25,4.47,4.38,0.09,2.0548,203350.73,89875.457
297,600466.SH,20181024,4.34,4.46,4.28,4.38,4.34,0.04,0.9217,91792.1,40181.378
298,600466.SH,20181023,4.46,4.47,4.3,4.34,4.47,-0.13,-2.9083,124586.57,54616.093
299,600466.SH,20181022,4.28,4.49,4.26,4.47,4.24,0.23,5.4245,184892.01,81340.772
300,600466.SH,20181019,4.14,4.3,4.03,4.24,4.11,0.13,3.163,176434.34,73735.513
301,600466.SH,20181018,4.26,4.28,4.06,4.11,4.37,-0.26,-5.9497,176634.32,73409.571
302,600466.SH,20181017,4.14,4.38,4.13,4.37,4.11,0.26,6.326,169651.8,71601.153
303,600466.SH,20181016,4.23,4.3,4.07,4.11,4.24,-0.13,-3.066,122427.07,51322.583
304,600466.SH,20181015,4.33,4.42,4.2,4.24,4.3,-0.06,-1.3953,158203.06,68440.391
305,600466.SH,20181012,4.34,4.38,4.18,4.3,4.4,-0.1,-2.2727,159445.28,68221.61
306,600466.SH,20181011,4.59,4.67,4.29,4.4,4.77,-0.37,-7.7568,211415.94,93731.415
307,600466.SH,20181010,4.79,4.83,4.66,4.77,4.79,-0.02,-0.4175,97405.03,46307.148
308,600466.SH,20181009,4.9,4.9,4.73,4.79,4.9,-0.11,-2.2449,119281.66,57137.252
309,600466.SH,20181008,4.99,4.99,4.85,4.9,5.09,-0.19,-3.7328,129620.06,63543.519
310,600466.SH,20180928,5.11,5.11,5.03,5.09,5.09,0.0,0.0,91999.21,46701.408
311,600466.SH,20180927,5.18,5.21,5.02,5.09,5.18,-0.09,-1.7375,109402.76,55883.432
312,600466.SH,20180926,5.18,5.27,5.14,5.18,5.19,-0.01,-0.1927,130197.99,67759.526
313,600466.SH,20180925,5.3,5.34,5.18,5.19,5.43,-0.24,-4.4199,134983.3,70802.627
314,600466.SH,20180921,5.24,5.47,5.22,5.43,5.23,0.2,3.8241,142710.72,76413.564
315,600466.SH,20180920,5.2,5.28,5.19,5.23,5.22,0.01,0.1916,90438.2,47360.843
316,600466.SH,20180919,5.13,5.32,5.12,5.22,5.15,0.07,1.3592,165062.48,86268.428
317,600466.SH,20180918,4.89,5.23,4.88,5.15,4.9,0.25,5.102,134562.88,68261.333
318,600466.SH,20180917,4.99,5.0,4.89,4.9,5.03,-0.13,-2.5845,66915.67,33061.938
319,600466.SH,20180914,5.09,5.1,5.02,5.03,5.1,-0.07,-1.3725,77543.09,39127.488
320,600466.SH,20180913,5.11,5.16,5.02,5.1,5.07,0.03,0.5917,99617.8,50517.627
321,600466.SH,20180912,5.15,5.17,5.06,5.07,5.16,-0.09,-1.7442,79041.94,40291.196
322,600466.SH,20180911,5.18,5.19,5.04,5.16,5.18,-0.02,-0.3861,94718.86,48356.743
323,600466.SH,20180910,5.21,5.27,5.16,5.18,5.23,-0.05,-0.956,117810.26,61489.457
324,600466.SH,20180907,5.25,5.31,5.15,5.23,5.22,0.01,0.1916,118003.36,61788.234
325,600466.SH,20180906,5.36,5.37,5.2,5.22,5.41,-0.19,-3.512,135861.78,71766.369
326,600466.SH,20180905,5.47,5.53,5.4,5.41,5.53,-0.12,-2.17,89321.21,48818.711
327,600466.SH,20180904,5.56,5.58,5.49,5.53,5.56,-0.03,-0.5396,104700.15,58032.486
328,600466.SH,20180903,5.38,5.58,5.38,5.56,5.38,0.18,3.3457,169780.82,93385.771
329,600466.SH,20180831,5.49,5.51,5.38,5.38,5.47,-0.09,-1.6453,95144.02,51612.466
330,600466.SH,20180830,5.55,5.59,5.44,5.47,5.56,-0.09,-1.6187,64713.97,35564.433
331,600466.SH,20180829,5.55,5.64,5.53,5.56,5.56,0.0,0.0,71548.37,39910.878
332,600466.SH,20180828,5.56,5.64,5.54,5.56,5.58,-0.02,-0.3584,97212.84,54245.649
333,600466.SH,20180827,5.38,5.61,5.38,5.58,5.37,0.21,3.9106,189220.07,104228.168
334,600466.SH,20180824,5.36,5.41,5.33,5.37,5.38,-0.01,-0.1859,108912.25,58452.149
335,600466.SH,20180823,5.44,5.5,5.37,5.38,5.48,-0.1,-1.8248,93813.86,50871.468
336,600466.SH,20180822,5.46,5.5,5.38,5.48,5.5,-0.02,-0.3636,117312.37,63621.01
337,600466.SH,20180821,5.57,5.58,5.42,5.5,5.5,0.0,0.0,120382.62,65914.091
338,600466.SH,20180820,5.43,5.59,5.35,5.5,5.43,0.07,1.2891,105497.53,57847.742
339,600466.SH,20180817,5.49,5.52,5.39,5.43,5.45,-0.02,-0.367,54366.07,29597.221
340,600466.SH,20180816,5.4,5.5,5.32,5.45,5.46,-0.01,-0.1832,68365.57,37092.575
341,600466.SH,20180815,5.5,5.54,5.41,5.46,5.48,-0.02,-0.365,90625.34,49522.788
342,600466.SH,20180814,5.54,5.56,5.38,5.48,5.54,-0.06,-1.083,91150.13,49744.091
343,600466.SH,20180813,5.48,5.58,5.39,5.54,5.55,-0.01,-0.1802,85895.35,47011.865
344,600466.SH,20180810,5.45,5.65,5.45,5.55,5.44,0.11,2.0221,130043.48,72329.796
345,600466.SH,20180809,5.24,5.57,5.2,5.44,5.24,0.2,3.8168,137863.29,74691.704
346,600466.SH,20180808,5.3,5.37,5.23,5.24,5.3,-0.06,-1.1321,106073.73,56159.977
347,600466.SH,20180807,5.2,5.34,5.13,5.3,5.16,0.14,2.7132,169484.23,88930.577
348,600466.SH,20180806,5.42,5.45,5.1,5.16,5.39,-0.23,-4.2672,134600.2,70639.29
349,600466.SH,20180803,5.61,5.65,5.36,5.39,5.61,-0.22,-3.9216,154918.48,85004.939
350,600466.SH,20180802,5.69,5.69,5.46,5.61,5.72,-0.11,-1.9231,123532.43,68841.5
351,600466.SH,20180801,6.0,6.07,5.71,5.72,6.08,-0.36,-5.9211,200809.51,117968.524
352,600466.SH,20180731,6.11,6.33,6.05,6.08,5.97,0.11,1.8425,170938.51,104930.228
353,600466.SH,20180730,6.04,6.1,5.91,5.97,6.03,-0.06,-0.995,85144.92,51220.355
354,600466.SH,20180727,6.0,6.07,5.95,6.03,6.02,0.01,0.1661,76870.59,46247.428
355,600466.SH,20180726,6.07,6.1,5.99,6.02,6.04,-0.02,-0.3311,100483.6,60617.89
356,600466.SH,20180725,6.12,6.14,5.99,6.04,6.05,-0.01,-0.1653,88250.84,53244.724
357,600466.SH,20180724,5.87,6.1,5.85,6.05,5.84,0.21,3.5959,154305.16,92960.612
358,600466.SH,20180723,5.77,5.85,5.72,5.84,5.76,0.08,1.3889,110862.25,64107.94
359,600466.SH,20180720,5.73,5.81,5.59,5.76,5.74,0.02,0.3484,124949.91,71054.255
360,600466.SH,20180719,5.83,5.84,5.72,5.74,5.75,-0.01,-0.17,72723.11,41913.759
361,600466.SH,20180718,5.83,5.88,5.74,5.75,5.81,-0.06,-1.03,70773.4,41053.432
362,600466.SH,20180717,5.79,5.85,5.75,5.81,5.82,-0.01,-0.17,49112.09,28490.334
363,600466.SH,20180716,5.9,5.93,5.78,5.82,5.94,-0.12,-2.02,65632.56,38260.125
364,600466.SH,20180713,6.02,6.07,5.9,5.94,5.95,-0.01,-0.17,87898.56,52484.461
365,600466.SH,20180712,5.87,6.03,5.85,5.95,5.85,0.1,1.71,81731.27,48599.33
366,600466.SH,20180711,5.9,5.9,5.76,5.85,6.0,-0.15,-2.5,85047.41,49606.089
367,600466.SH,20180710,5.87,6.08,5.86,6.0,5.89,0.11,1.87,91138.05,54433.866
368,600466.SH,20180709,5.84,5.91,5.75,5.89,5.73,0.16,2.79,96578.84,56533.209
369,600466.SH,20180706,5.82,5.88,5.65,5.73,5.85,-0.12,-2.05,136487.55,78812.724
370,600466.SH,20180705,5.82,5.88,5.67,5.85,5.81,0.04,0.69,247080.39,143379.229
371,600466.SH,20180704,5.89,5.99,5.77,5.81,5.92,-0.11,-1.86,146949.8,86528.255
372,600466.SH,20180703,5.96,6.0,5.74,5.92,5.96,-0.04,-0.67,132916.41,77917.832
373,600466.SH,20180702,6.2,6.24,5.88,5.96,6.2,-0.24,-3.87,183201.28,110076.398
374,600466.SH,20180629,6.07,6.25,6.06,6.2,6.04,0.16,2.65,152480.91,93791.405
375,600466.SH,20180628,6.09,6.22,6.0,6.04,6.19,-0.15,-2.42,156589.94,95102.494
376,600466.SH,20180627,6.55,6.58,5.9,6.19,6.56,-0.37,-5.64,320941.36,199187.826
377,600466.SH,20180626,6.67,6.67,6.46,6.56,6.8,-0.24,-3.53,169934.61,111266.568
378,600466.SH,20180625,7.06,7.1,6.79,6.8,7.02,-0.22,-3.13,160551.72,111661.868
379,600466.SH,20180622,6.97,7.11,6.87,7.02,7.02,0.0,0.0,154818.33,108807.221
380,600466.SH,20180621,6.97,7.24,6.91,7.02,6.99,0.03,0.43,246004.41,174242.677
381,600466.SH,20180620,6.82,7.0,6.68,6.99,6.88,0.11,1.6,211593.73,145876.461
382,600466.SH,20180619,6.75,6.94,6.62,6.88,6.89,-0.01,-0.15,588391.93,402362.348
383,600466.SH,20180615,6.84,6.95,6.65,6.89,6.85,0.04,0.58,169392.65,115992.307
384,600466.SH,20180614,6.79,6.91,6.71,6.85,6.83,0.02,0.29,118114.74,80621.44
385,600466.SH,20180613,6.75,7.09,6.62,6.83,6.74,0.09,1.34,131329.35,90987.482
386,600466.SH,20180612,9.5,9.57,9.34,9.54,9.45,0.09,0.95,54476.19,51736.051
387,600466.SH,20180611,9.5,9.69,9.42,9.45,9.65,-0.2,-2.07,76228.17,72613.196
388,600466.SH,20180608,9.58,9.7,9.55,9.65,9.61,0.04,0.42,78456.53,75615.405
389,600466.SH,20180607,9.59,9.74,9.52,9.61,9.47,0.14,1.48,122485.9,118257.597
390,600466.SH,20180606,9.49,9.53,9.43,9.47,9.51,-0.04,-0.42,62382.35,59082.527
391,600466.SH,20180605,9.39,9.53,9.39,9.51,9.39,0.12,1.28,68720.18,65167.321
392,600466.SH,20180604,9.21,9.48,9.19,9.39,9.18,0.21,2.29,102274.42,95938.013
393,600466.SH,20180601,9.21,9.38,9.17,9.18,9.36,-0.18,-1.92,87700.73,81204.115
394,600466.SH,20180531,9.18,9.4,9.1,9.36,9.08,0.28,3.08,86750.33,79974.959
395,600466.SH,20180530,9.29,9.32,9.03,9.08,9.45,-0.37,-3.92,112277.29,102837.476
396,600466.SH,20180529,9.5,9.5,9.08,9.45,9.51,-0.06,-0.63,229701.82,212827.413
397,600466.SH,20180528,9.56,9.66,9.51,9.51,9.62,-0.11,-1.14,68750.05,65833.761
398,600466.SH,20180525,9.5,9.7,9.5,9.62,9.53,0.09,0.94,85239.6,82102.18
399,600466.SH,20180524,9.63,9.68,9.52,9.53,9.67,-0.14,-1.45,80263.42,77069.047
400,600466.SH,20180523,9.68,9.73,9.56,9.67,9.66,0.01,0.1,92874.07,89711.959
401,600466.SH,20180522,9.81,9.84,9.57,9.66,9.84,-0.18,-1.83,144070.14,139172.753
402,600466.SH,20180521,9.93,9.97,9.79,9.84,9.9,-0.06,-0.61,163477.96,161304.718
403,600466.SH,20180518,9.8,9.91,9.73,9.9,9.79,0.11,1.12,93792.28,92050.75
404,600466.SH,20180517,9.92,10.02,9.78,9.79,9.98,-0.19,-1.9,132522.62,131071.009
405,600466.SH,20180516,10.22,10.28,9.94,9.98,10.18,-0.2,-1.96,144909.77,145885.814
406,600466.SH,20180515,10.0,10.21,9.97,10.18,9.98,0.2,2.0,141161.42,142566.156
407,600466.SH,20180514,10.18,10.31,9.96,9.98,10.14,-0.16,-1.58,110212.48,111688.983
408,600466.SH,20180511,10.23,10.33,10.12,10.14,10.16,-0.02,-0.2,109500.3,111782.106
409,600466.SH,20180510,10.2,10.38,10.1,10.16,10.11,0.05,0.49,141609.76,144607.37
410,600466.SH,20180509,10.28,10.39,10.07,10.11,10.29,-0.18,-1.75,159295.23,161720.346
411,600466.SH,20180508,10.22,10.48,10.13,10.29,10.22,0.07,0.68,197872.85,204969.642
412,600466.SH,20180507,10.2,10.28,10.03,10.22,10.1,0.12,1.19,153197.81,155567.712
413,600466.SH,20180504,10.05,10.15,9.92,10.1,9.96,0.14,1.41,200608.23,201847.557
414,600466.SH,20180503,9.81,10.0,9.8,9.96,9.81,0.15,1.53,160401.68,158884.399
415,600466.SH,20180502,9.76,9.95,9.7,9.81,9.69,0.12,1.24,121816.13,119886.039
416,600466.SH,20180427,9.69,9.72,9.5,9.69,9.65,0.04,0.41,95081.76,91615.216
417,600466.SH,20180426,9.7,9.73,9.43,9.65,9.67,-0.02,-0.21,83528.73,79822.177
418,600466.SH,20180425,9.6,9.72,9.51,9.67,9.63,0.04,0.42,69217.21,66636.671
419,600466.SH,20180424,9.4,9.77,9.4,9.63,9.41,0.22,2.34,142864.09,138183.277
420,600466.SH,20180423,9.5,9.59,9.3,9.41,9.62,-0.21,-2.18,113808.14,107051.094
421,600466.SH,20180420,9.63,9.65,9.3,9.62,9.63,-0.01,-0.1,153495.46,146013.89
422,600466.SH,20180419,9.56,9.67,9.52,9.63,9.61,0.02,0.21,76422.44,73524.46
423,600466.SH,20180418,9.61,9.67,9.51,9.61,9.47,0.14,1.48,113336.2,108751.26
424,600466.SH,20180417,9.65,9.77,9.46,9.47,9.69,-0.22,-2.27,97261.97,92991.06
425,600466.SH,20180416,10.06,10.07,9.6,9.69,10.06,-0.37,-3.68,178869.88,173785.132
426,600466.SH,20180413,10.2,10.29,9.97,10.06,10.14,-0.08,-0.79,110935.71,111916.273
427,600466.SH,20180412,10.1,10.26,10.04,10.14,10.15,-0.01,-0.1,125714.08,127652.57
428,600466.SH,20180411,10.0,10.31,10.0,10.15,9.96,0.19,1.91,228789.93,232306.675
429,600466.SH,20180410,9.7,10.0,9.62,9.96,9.65,0.31,3.21,206095.35,203576.773
430,600466.SH,20180409,9.63,9.76,9.58,9.65,9.66,-0.01,-0.1,122832.94,118909.684
431,600466.SH,20180404,9.87,9.92,9.62,9.66,9.88,-0.22,-2.23,149522.3,146120.856
432,600466.SH,20180403,9.69,10.02,9.58,9.88,9.8,0.08,0.82,142050.95,140020.467
433,600466.SH,20180402,10.08,10.17,9.77,9.8,9.94,-0.14,-1.41,237522.8,236692.415
434,600466.SH,20180330,9.85,9.99,9.71,9.94,9.99,-0.05,-0.5,222387.52,218739.516
435,600466.SH,20180329,9.61,10.12,9.4,9.99,9.53,0.46,4.83,340089.15,334090.366
436,600466.SH,20180328,9.4,9.73,9.33,9.53,9.57,-0.04,-0.42,173282.75,165279.107
437,600466.SH,20180327,9.54,9.69,9.43,9.57,9.38,0.19,2.03,194833.54,186562.23
438,600466.SH,20180326,9.53,9.71,9.2,9.38,9.76,-0.38,-3.89,230825.58,216619.23
439,600466.SH,20180323,9.2,9.8,9.2,9.76,9.76,0.0,0.0,342066.01,324252.965
440,600466.SH,20180322,9.82,9.89,9.5,9.76,9.92,-0.16,-1.61,190455.35,184950.006
441,600466.SH,20180321,9.98,10.12,9.73,9.92,9.99,-0.07,-0.7,248907.05,247419.652
442,600466.SH,20180320,10.01,10.15,9.92,9.99,10.17,-0.18,-1.77,171085.03,171712.902
443,600466.SH,20180319,10.34,10.34,9.93,10.17,10.28,-0.11,-1.07,221717.95,224170.784
444,600466.SH,20180316,9.83,10.36,9.83,10.28,9.85,0.43,4.37,350975.23,357564.283
445,600466.SH,20180315,10.13,10.23,9.81,9.85,10.14,-0.29,-2.86,188052.99,187876.621
446,600466.SH,20180314,10.0,10.32,9.99,10.14,10.1,0.04,0.4,189258.46,192314.647
447,600466.SH,20180313,10.19,10.31,10.08,10.1,10.26,-0.16,-1.56,201475.32,205462.935
448,600466.SH,20180312,10.62,10.66,10.1,10.26,10.59,-0.33,-3.12,430232.58,442335.656
449,600466.SH,20180309,10.5,10.62,10.37,10.59,10.5,0.09,0.86,173674.92,182402.712
450,600466.SH,20180308,10.43,10.66,10.36,10.5,10.59,-0.09,-0.85,213829.61,224038.174
451,600466.SH,20180307,10.53,10.83,10.42,10.59,10.41,0.18,1.73,510905.54,542723.606
452,600466.SH,20180306,10.1,10.45,9.8,10.41,10.01,0.4,4.0,349737.64,352452.969
453,600466.SH,20180305,9.9,10.14,9.85,10.01,9.81,0.2,2.04,271655.81,271389.422
454,600466.SH,20180302,9.7,9.96,9.6,9.81,9.79,0.02,0.2,228670.86,223750.365
455,600466.SH,20180301,9.72,10.06,9.65,9.79,9.78,0.01,0.1,253314.34,249830.059
456,600466.SH,20180228,9.9,9.9,9.61,9.78,9.95,-0.17,-1.71,232947.79,227014.711
457,600466.SH,20180227,9.79,9.97,9.66,9.95,9.73,0.22,2.26,239194.17,234315.426
458,600466.SH,20180226,9.98,10.05,9.43,9.73,9.93,-0.2,-2.01,326812.26,315968.408
459,600466.SH,20180223,9.98,10.21,9.8,9.93,9.99,-0.06,-0.6,252267.9,251193.777
460,600466.SH,20180222,10.05,10.14,9.81,9.99,9.94,0.05,0.5,210965.89,209280.346
461,600466.SH,20180214,9.72,9.96,9.68,9.94,9.71,0.23,2.37,156604.03,154477.802
462,600466.SH,20180213,9.59,10.06,9.59,9.71,9.51,0.2,2.1,265240.55,261565.796
463,600466.SH,20180212,9.26,9.62,9.17,9.51,9.19,0.32,3.48,215079.78,202932.638
464,600466.SH,20180209,9.63,9.8,9.05,9.19,10.06,-0.87,-8.65,379149.39,354707.772
465,600466.SH,20180208,9.82,10.08,9.58,10.06,9.69,0.37,3.82,272631.1,270120.594
466,600466.SH,20180207,10.79,10.95,9.63,9.69,10.46,-0.77,-7.36,464761.73,470349.546
467,600466.SH,20180206,11.08,11.2,10.3,10.46,11.35,-0.89,-7.84,304768.39,325620.358
468,600466.SH,20180205,10.91,11.46,10.81,11.35,10.96,0.39,3.56,244616.32,273663.057
469,600466.SH,20180202,11.16,11.33,10.85,10.96,11.21,-0.25,-2.23,339366.64,375663.704
470,600466.SH,20180201,12.1,12.16,11.16,11.21,12.3,-1.09,-8.86,571720.32,664691.735
471,600466.SH,20180131,12.12,12.45,11.92,12.3,12.02,0.28,2.33,338398.52,413351.238
472,600466.SH,20180130,12.02,12.49,11.76,12.02,12.02,0.0,0.0,357436.74,430898.075
473,600466.SH,20180129,12.52,12.75,11.9,12.02,12.52,-0.5,-3.99,421458.86,512768.878
474,600466.SH,20180126,12.22,12.65,12.21,12.52,12.26,0.26,2.12,276040.77,343588.968
475,600466.SH,20180125,12.55,12.82,11.92,12.26,12.8,-0.54,-4.22,459323.73,565743.431
476,600466.SH,20180124,12.69,13.17,12.55,12.8,12.8,0.0,0.0,440290.6,565503.338
477,600466.SH,20180123,12.25,13.15,12.25,12.8,12.24,0.56,4.58,620117.47,795705.07
478,600466.SH,20180122,12.1,12.29,11.83,12.24,12.18,0.06,0.49,391083.71,470551.775
479,600466.SH,20180119,12.23,12.75,12.01,12.18,12.13,0.05,0.41,410425.85,506536.275
480,600466.SH,20180118,12.27,12.6,11.97,12.13,12.23,-0.1,-0.82,427343.88,525461.296
481,600466.SH,20180117,12.88,13.05,11.96,12.23,13.1,-0.87,-6.64,756204.73,941205.733
482,600466.SH,20180116,12.52,13.43,12.4,13.1,12.64,0.46,3.64,924700.99,1195296.433
483,600466.SH,20180115,12.2,13.2,12.02,12.64,12.0,0.64,5.33,875870.87,1122266.194
484,600466.SH,20180112,11.52,12.22,11.46,12.0,11.63,0.37,3.18,714160.0,848350.211
485,600466.SH,20180111,11.85,11.9,11.4,11.63,12.04,-0.41,-3.41,755658.77,878617.907
486,600466.SH,20180110,11.3,12.36,11.3,12.04,11.24,0.8,7.12,1240088.84,1482726.459
487,600466.SH,20180109,11.24,11.24,11.14,11.24,10.22,1.02,9.98,496571.32,558066.198
488,600466.SH,20180105,9.87,10.24,9.77,10.22,9.86,0.36,3.65,243824.96,244756.476
489,600466.SH,20180104,9.79,10.01,9.64,9.86,9.75,0.11,1.13,249501.2,244512.993
490,600466.SH,20180103,9.56,9.99,9.52,9.75,9.62,0.13,1.35,301007.36,296140.082
491,600466.SH,20180102,9.4,9.83,9.4,9.62,9.35,0.27,2.89,273663.39,264787.638
492,600466.SH,20171229,9.14,9.48,9.12,9.35,9.14,0.21,2.3,165510.64,154573.526
493,600466.SH,20171228,9.13,9.2,8.98,9.14,9.14,0.0,0.0,116236.26,105960.283
494,600466.SH,20171227,9.15,9.22,9.01,9.14,9.23,-0.09,-0.98,103252.81,94106.844
495,600466.SH,20171226,9.17,9.27,9.03,9.23,9.2,0.03,0.33,141406.22,129480.519
496,600466.SH,20171225,9.12,9.44,9.12,9.2,9.09,0.11,1.21,239977.04,222338.391
497,600466.SH,20171222,9.01,9.16,8.93,9.09,8.99,0.1,1.11,223812.2,203208.637
498,600466.SH,20171221,8.65,9.05,8.6,8.99,8.63,0.36,4.17,266522.05,237354.983
499,600466.SH,20171220,8.65,8.77,8.56,8.63,8.66,-0.03,-0.35,130018.75,112895.283
500,600466.SH,20171219,8.35,8.67,8.35,8.66,8.35,0.31,3.71,111947.59,95803.643
501,600466.SH,20171218,8.42,8.55,8.31,8.35,8.5,-0.15,-1.76,97090.51,81601.218
502,600466.SH,20171215,8.77,8.82,8.47,8.5,8.76,-0.26,-2.97,113602.47,97615.069
503,600466.SH,20171214,8.61,8.8,8.55,8.76,8.58,0.18,2.1,115068.76,100445.686
504,600466.SH,20171213,8.64,8.74,8.52,8.58,8.7,-0.12,-1.38,93876.54,80759.092
505,600466.SH,20171212,8.78,8.85,8.7,8.7,8.8,-0.1,-1.14,91901.25,80629.339
506,600466.SH,20171211,8.72,8.82,8.6,8.8,8.75,0.05,0.57,99577.52,86571.859
507,600466.SH,20171208,8.8,8.92,8.67,8.75,8.88,-0.13,-1.46,107454.62,94233.855
508,600466.SH,20171207,8.77,8.95,8.69,8.88,8.81,0.07,0.79,139714.15,123667.782
509,600466.SH,20171206,8.86,8.86,8.59,8.81,8.93,-0.12,-1.34,167983.25,146450.291
510,600466.SH,20171205,8.9,9.2,8.79,8.93,8.89,0.04,0.45,213093.23,192104.307
511,600466.SH,20171204,9.03,9.03,8.76,8.89,9.01,-0.12,-1.33,144548.3,128258.67
512,600466.SH,20171201,8.8,9.15,8.8,9.01,8.84,0.17,1.92,226776.14,204241.112
513,600466.SH,20171130,8.68,9.02,8.66,8.84,8.72,0.12,1.38,307139.59,272918.436
514,600466.SH,20171129,8.5,8.82,8.49,8.72,8.56,0.16,1.87,222538.62,192753.513
515,600466.SH,20171128,8.47,8.58,8.41,8.56,8.47,0.09,1.06,110788.95,94009.564
516,600466.SH,20171127,8.35,8.65,8.35,8.47,8.49,-0.02,-0.24,135086.77,115206.77
517,600466.SH,20171124,8.4,8.55,8.3,8.49,8.23,0.26,3.16,150259.72,126716.873
518,600466.SH,20171123,8.52,8.55,8.21,8.23,8.52,-0.29,-3.4,156349.14,130717.481
519,600466.SH,20171122,8.49,8.68,8.44,8.52,8.48,0.04,0.47,166946.67,143010.109
520,600466.SH,20171121,8.3,8.54,8.27,8.48,8.34,0.14,1.68,181460.06,152940.505
521,600466.SH,20171120,8.1,8.39,8.0,8.34,8.1,0.24,2.96,142485.96,117301.536
522,600466.SH,20171117,8.28,8.31,8.09,8.1,8.34,-0.24,-2.88,125426.1,102794.422
523,600466.SH,20171116,8.13,8.39,8.13,8.34,8.18,0.16,1.96,248846.46,206055.21
524,600466.SH,20171115,8.07,8.23,8.01,8.18,8.12,0.06,0.74,128119.21,104165.604
525,600466.SH,20171114,8.0,8.16,7.89,8.12,8.03,0.09,1.12,156638.78,125711.437
526,600466.SH,20171113,8.14,8.16,8.0,8.03,8.13,-0.1,-1.23,156911.3,126729.71
527,600466.SH,20171110,8.13,8.33,8.06,8.13,8.12,0.01,0.12,178195.62,145726.678
528,600466.SH,20171109,8.2,8.23,8.05,8.12,8.23,-0.11,-1.34,140809.03,114728.518
529,600466.SH,20171108,8.25,8.29,8.18,8.23,8.29,-0.06,-0.72,104797.96,86326.595
530,600466.SH,20171107,8.53,8.53,8.15,8.29,8.54,-0.25,-2.93,301247.2,248929.753
531,600466.SH,20171106,8.4,8.54,8.37,8.54,8.42,0.12,1.43,60181.95,50903.834
532,600466.SH,20171103,8.47,8.54,8.37,8.42,8.47,-0.05,-0.59,68691.66,57960.637
533,600466.SH,20171102,8.57,8.57,8.41,8.47,8.57,-0.1,-1.17,76062.2,64443.135
534,600466.SH,20171101,8.53,8.69,8.53,8.57,8.57,0.0,0.0,96900.81,83507.625
535,600466.SH,20171031,8.45,8.64,8.39,8.57,8.42,0.15,1.78,104711.36,89272.88
536,600466.SH,20171030,8.58,8.64,8.36,8.42,8.63,-0.21,-2.43,162246.96,137205.649
537,600466.SH,20171027,8.74,8.82,8.58,8.63,8.78,-0.15,-1.71,137826.88,119858.514
538,600466.SH,20171026,8.78,8.83,8.69,8.78,8.9,-0.12,-1.35,227668.13,199226.884
539,600466.SH,20171025,8.65,9.1,8.58,8.9,8.62,0.28,3.25,333275.77,296543.918
540,600466.SH,20171024,8.51,8.66,8.46,8.62,8.5,0.12,1.41,128638.55,110262.77
541,600466.SH,20171023,8.58,8.58,8.45,8.5,8.58,-0.08,-0.93,110279.2,93688.112
542,600466.SH,20171020,8.48,8.58,8.42,8.58,8.42,0.16,1.9,132257.32,112716.923
543,600466.SH,20171019,8.55,8.6,8.4,8.42,8.57,-0.15,-1.75,103344.15,87823.37
544,600466.SH,20171018,8.7,8.72,8.54,8.57,8.68,-0.11,-1.27,120066.21,103239.654
545,600466.SH,20171017,8.47,8.81,8.47,8.68,8.51,0.17,2.0,195457.55,169641.151
546,600466.SH,20171016,8.67,8.71,8.47,8.51,8.65,-0.14,-1.62,186348.48,159828.247
547,600466.SH,20171013,8.73,8.74,8.59,8.65,8.71,-0.06,-0.69,221408.89,191494.161
548,600466.SH,20171012,8.9,8.91,8.65,8.71,8.89,-0.18,-2.02,231399.71,202435.285
549,600466.SH,20171011,9.06,9.09,8.87,8.89,9.06,-0.17,-1.88,190555.59,170709.28
550,600466.SH,20171010,9.01,9.06,8.98,9.06,9.0,0.06,0.67,108711.65,98014.249
551,600466.SH,20171009,9.1,9.14,8.99,9.0,8.9,0.1,1.12,180344.78,163504.992
552,600466.SH,20170929,8.91,8.99,8.86,8.9,8.89,0.01,0.11,99939.48,89164.977
553,600466.SH,20170928,9.13,9.16,8.83,8.89,9.11,-0.22,-2.41,250120.28,223733.231
554,600466.SH,20170927,9.2,9.27,9.02,9.11,9.23,-0.12,-1.3,214868.27,195690.195
555,600466.SH,20170926,9.18,9.29,9.1,9.23,9.2,0.03,0.33,174242.9,159891.375
556,600466.SH,20170925,10.14,10.14,9.2,9.2,10.22,-1.02,-9.98,488391.54,464116.272
557,600466.SH,20170922,10.18,10.32,10.11,10.22,10.17,0.05,0.49,138762.23,141409.251
558,600466.SH,20170921,10.4,10.4,10.15,10.17,10.34,-0.17,-1.64,211709.84,216755.552
559,600466.SH,20170920,10.45,10.55,10.24,10.34,10.57,-0.23,-2.18,257708.0,266434.326
560,600466.SH,20170919,10.45,10.81,10.42,10.57,10.4,0.17,1.63,360748.15,383773.722
561,600466.SH,20170918,10.33,10.69,10.21,10.4,10.34,0.06,0.58,302879.72,316542.58
562,600466.SH,20170915,10.46,10.83,10.24,10.34,10.44,-0.1,-0.96,430643.45,452377.76
563,600466.SH,20170914,9.82,10.58,9.81,10.44,9.85,0.59,5.99,542508.08,558838.452
564,600466.SH,20170913,9.64,9.96,9.57,9.85,9.61,0.24,2.5,271450.71,266574.721
565,600466.SH,20170912,9.72,9.83,9.59,9.61,9.68,-0.07,-0.72,265108.11,257210.566
566,600466.SH,20170911,9.79,10.03,9.64,9.68,9.83,-0.15,-1.53,339260.71,331607.912
567,600466.SH,20170908,9.86,10.13,9.82,9.83,9.88,-0.05,-0.51,321107.33,320609.93
568,600466.SH,20170907,9.82,10.18,9.73,9.88,9.87,0.01,0.1,571345.75,572038.341
569,600466.SH,20170906,9.7,9.94,9.55,9.87,9.69,0.18,1.86,440079.63,428236.072
570,600466.SH,20170905,9.32,9.7,9.22,9.69,9.29,0.4,4.31,420099.34,399323.736
571,600466.SH,20170904,9.28,9.38,9.2,9.29,9.28,0.01,0.11,219164.84,203186.418
572,600466.SH,20170901,9.41,9.62,9.25,9.28,9.41,-0.13,-1.38,326723.09,307143.809
573,600466.SH,20170831,9.07,9.5,9.07,9.41,9.13,0.28,3.07,392826.03,367788.944
574,600466.SH,20170830,9.09,9.32,9.02,9.13,8.96,0.17,1.9,283433.46,260251.081
575,600466.SH,20170829,9.07,9.11,8.92,8.96,9.06,-0.1,-1.1,105758.85,95274.977
576,600466.SH,20170828,8.92,9.14,8.87,9.06,8.92,0.14,1.57,199166.84,179955.928
577,600466.SH,20170825,8.84,9.02,8.83,8.92,8.86,0.06,0.68,76953.99,68778.881
578,600466.SH,20170824,8.95,8.96,8.81,8.86,8.98,-0.12,-1.34,91731.69,81593.964
579,600466.SH,20170823,9.07,9.08,8.96,8.98,9.02,-0.04,-0.44,81623.6,73500.096
580,600466.SH,20170822,9.1,9.1,8.95,9.02,9.08,-0.06,-0.66,113183.08,101975.276
581,600466.SH,20170821,9.1,9.11,8.96,9.08,9.07,0.01,0.11,148141.01,133731.902
582,600466.SH,20170818,9.17,9.4,9.05,9.07,9.25,-0.18,-1.95,228861.37,211129.397
583,600466.SH,20170817,9.12,9.34,9.1,9.25,9.21,0.04,0.43,221622.76,204586.614
584,600466.SH,20170816,8.95,9.21,8.85,9.21,8.91,0.3,3.37,253168.28,230174.883
585,600466.SH,20170815,9.02,9.06,8.86,8.91,9.04,-0.13,-1.44,113485.13,101699.611
586,600466.SH,20170814,8.78,9.12,8.73,9.04,8.82,0.22,2.49,191182.73,171604.061
587,600466.SH,20170811,8.7,8.94,8.66,8.82,8.8,0.02,0.23,142466.8,125720.9
588,600466.SH,20170810,8.97,9.05,8.74,8.8,8.99,-0.19,-2.11,131313.52,116573.364
589,600466.SH,20170809,9.02,9.07,8.89,8.99,8.96,0.03,0.33,96853.37,86886.975
590,600466.SH,20170808,9.06,9.19,8.93,8.96,9.1,-0.14,-1.54,173618.62,156572.335
591,600466.SH,20170807,8.65,9.15,8.63,9.1,8.68,0.42,4.84,255543.62,229741.155
592,600466.SH,20170804,8.79,8.82,8.66,8.68,8.72,-0.04,-0.46,136410.36,119315.298
593,600466.SH,20170803,8.78,8.82,8.63,8.72,8.85,-0.13,-1.47,222088.73,193167.393
594,600466.SH,20170802,8.98,9.0,8.8,8.85,8.96,-0.11,-1.23,153217.41,136425.121
595,600466.SH,20170801,8.97,9.1,8.83,8.96,8.91,0.05,0.56,192142.52,172152.391
596,600466.SH,20170731,9.18,9.19,8.9,8.91,9.15,-0.24,-2.62,202594.2,182040.664
597,600466.SH,20170728,9.13,9.24,9.02,9.15,9.15,0.0,0.0,178382.28,162499.151
598,600466.SH,20170727,8.73,9.25,8.72,9.15,8.75,0.4,4.57,381736.72,347775.527
599,600466.SH,20170726,8.78,8.92,8.65,8.75,8.86,-0.11,-1.24,199500.5,174337.93
600,600466.SH,20170725,8.5,8.9,8.48,8.86,8.54,0.32,3.75,354396.32,311727.885
601,600466.SH,20170724,8.51,8.56,8.42,8.54,8.5,0.04,0.47,136977.78,116474.184
602,600466.SH,20170721,8.21,8.68,8.21,8.5,8.25,0.25,3.03,201216.02,171699.435
603,600466.SH,20170720,8.17,8.36,8.16,8.25,8.22,0.03,0.37,140600.72,115910.105
604,600466.SH,20170719,7.88,8.31,7.85,8.22,7.88,0.34,4.31,169724.48,138157.627
605,600466.SH,20170718,7.74,7.92,7.62,7.88,7.71,0.17,2.2,135853.13,105791.783
606,600466.SH,20170717,8.28,8.3,7.68,7.71,8.28,-0.57,-6.88,226820.49,179470.038
607,600466.SH,20170714,8.41,8.46,8.31,8.38,8.45,-0.07,-0.83,85519.55,71660.654
608,600466.SH,20170713,8.54,8.57,8.38,8.45,8.54,-0.09,-1.05,89907.83,76055.029
609,600466.SH,20170712,8.45,8.57,8.39,8.54,8.44,0.1,1.18,115696.85,97855.589
610,600466.SH,20170711,8.68,8.68,8.4,8.44,8.7,-0.26,-2.99,138429.95,118352.757
611,600466.SH,20170710,8.8,8.81,8.68,8.7,8.8,-0.1,-1.14,98742.75,86254.328
612,600466.SH,20170707,8.76,8.87,8.73,8.8,8.72,0.08,0.92,101987.25,89634.017
613,600466.SH,20170706,8.8,8.87,8.7,8.72,8.8,-0.08,-0.91,122559.1,107523.912
614,600466.SH,20170705,8.85,8.85,8.7,8.8,8.85,-0.05,-0.57,122683.45,107602.715
615,600466.SH,20170704,8.71,8.89,8.67,8.85,8.7,0.15,1.72,199455.13,175948.011
616,600466.SH,20170703,8.64,8.74,8.59,8.7,8.63,0.07,0.81,80343.96,69700.308
617,600466.SH,20170630,8.63,8.7,8.5,8.63,8.61,0.02,0.23,99260.41,85083.05
618,600466.SH,20170629,8.58,8.68,8.54,8.61,8.6,0.01,0.12,117760.97,101412.959
619,600466.SH,20170628,8.77,8.77,8.59,8.6,8.78,-0.18,-2.05,105577.4,91330.497
620,600466.SH,20170627,8.88,8.88,8.73,8.78,8.89,-0.11,-1.24,128486.35,112973.832
621,600466.SH,20170626,8.65,8.95,8.6,8.89,8.64,0.25,2.89,180722.43,158974.292
622,600466.SH,20170623,8.45,8.68,8.33,8.64,8.46,0.18,2.13,197606.55,168117.505
623,600466.SH,20170622,8.75,8.75,8.43,8.46,8.75,-0.29,-3.31,122225.42,105514.696
624,600466.SH,20170621,8.9,8.94,8.66,8.75,8.82,-0.07,-0.79,108757.42,95109.646
625,600466.SH,20170620,8.65,8.95,8.65,8.82,8.61,0.21,2.44,208866.5,184067.96
626,600466.SH,20170619,8.57,8.62,8.53,8.61,8.55,0.06,0.7,91774.79,78778.603
627,600466.SH,20170616,8.51,8.59,8.48,8.55,8.51,0.04,0.47,94327.72,80484.351
628,600466.SH,20170615,8.48,8.62,8.44,8.51,8.55,-0.04,-0.47,140920.05,119960.724
629,600466.SH,20170614,8.59,8.62,8.48,8.55,8.57,-0.02,-0.23,96402.57,82406.931
630,600466.SH,20170613,8.32,8.64,8.31,8.57,8.34,0.23,2.76,150682.76,128785.57
631,600466.SH,20170612,8.41,8.53,8.33,8.34,8.49,-0.15,-1.77,91312.81,77062.967
632,600466.SH,20170609,8.55,8.59,8.4,8.49,8.61,-0.12,-1.39,100708.3,85319.253
633,600466.SH,20170608,8.48,8.66,8.43,8.61,8.42,0.19,2.26,245446.17,210522.716
634,600466.SH,20170607,8.33,8.5,8.31,8.42,8.38,0.04,0.48,157717.16,132858.515
635,600466.SH,20170606,8.15,8.52,8.11,8.38,8.13,0.25,3.08,214742.34,178530.846
636,600466.SH,20170605,8.11,8.18,8.07,8.13,8.12,0.01,0.12,83503.64,67926.425
637,600466.SH,20170602,7.86,8.14,7.81,8.12,7.88,0.24,3.05,138367.32,110317.384
638,600466.SH,20170601,8.07,8.12,7.85,7.88,8.13,-0.25,-3.08,118431.54,94633.403
639,600466.SH,20170531,8.16,8.3,8.07,8.13,7.98,0.15,1.88,176739.68,144571.808
640,600466.SH,20170526,8.05,8.15,7.93,7.98,8.0,-0.02,-0.25,135001.01,108164.737
641,600466.SH,20170525,7.85,8.05,7.77,8.0,7.84,0.16,2.04,140005.3,110958.408
642,600466.SH,20170524,7.98,7.98,7.5,7.84,7.98,-0.14,-1.75,157094.5,122448.662
643,600466.SH,20170523,8.1,8.19,7.96,7.98,8.07,-0.09,-1.12,97000.86,78239.815
644,600466.SH,20170522,8.23,8.28,8.06,8.07,8.26,-0.19,-2.3,82165.35,67143.713
645,600466.SH,20170519,8.31,8.35,8.2,8.26,8.31,-0.05,-0.6,92947.67,76806.378
646,600466.SH,20170518,8.43,8.48,8.28,8.31,8.52,-0.21,-2.46,114563.84,96083.907
647,600466.SH,20170517,8.56,8.62,8.5,8.52,8.55,-0.03,-0.35,106880.15,91333.45
648,600466.SH,20170516,8.42,8.56,8.35,8.55,8.42,0.13,1.54,150653.07,127471.216
649,600466.SH,20170515,8.3,8.48,8.27,8.42,8.28,0.14,1.69,110065.5,92183.882
650,600466.SH,20170512,8.24,8.35,8.21,8.28,8.25,0.03,0.36,96254.46,79677.169
651,600466.SH,20170511,8.22,8.28,7.9,8.25,8.29,-0.04,-0.48,206913.79,168046.824
652,600466.SH,20170510,8.4,8.58,8.28,8.29,8.37,-0.08,-0.96,113728.87,96031.559
653,600466.SH,20170509,8.3,8.43,8.24,8.37,8.28,0.09,1.09,98861.18,82635.853
654,600466.SH,20170508,8.46,8.61,8.27,8.28,8.53,-0.25,-2.93,151357.8,127719.013
655,600466.SH,20170505,8.55,8.66,8.51,8.53,8.57,-0.04,-0.47,126619.39,108808.976
656,600466.SH,20170504,8.64,8.74,8.52,8.57,8.68,-0.11,-1.27,142114.5,122396.923
657,600466.SH,20170503,8.66,8.81,8.6,8.68,8.66,0.02,0.23,182794.38,158983.08
658,600466.SH,20170502,8.3,8.81,8.28,8.66,8.22,0.44,5.35,310347.94,266379.737
659,600466.SH,20170428,8.24,8.31,8.15,8.22,8.22,0.0,0.0,110639.43,91119.617
660,600466.SH,20170427,8.09,8.33,7.95,8.22,8.14,0.08,0.98,218825.85,178451.271
661,600466.SH,20170426,8.55,8.55,8.12,8.14,8.5,-0.36,-4.24,276983.04,230359.143
662,600466.SH,20170425,8.53,8.65,8.49,8.5,8.58,-0.08,-0.93,88917.76,76302.314
663,600466.SH,20170424,8.7,8.7,8.3,8.58,8.74,-0.16,-1.83,192877.71,163994.794
664,600466.SH,20170421,8.7,8.79,8.61,8.74,8.73,0.01,0.11,112847.43,97958.869
665,600466.SH,20170420,8.64,8.74,8.5,8.73,8.7,0.03,0.34,174159.51,150123.463
666,600466.SH,20170419,8.9,8.9,8.43,8.7,8.93,-0.23,-2.58,261149.53,226457.963
667,600466.SH,20170418,9.05,9.12,8.92,8.93,9.08,-0.15,-1.65,147884.96,133135.34
668,600466.SH,20170417,9.02,9.11,8.86,9.08,9.01,0.07,0.78,161156.75,145129.735
669,600466.SH,20170414,9.16,9.23,8.93,9.01,9.18,-0.17,-1.85,295022.44,266622.125
670,600466.SH,20170413,9.57,9.68,9.16,9.18,9.6,-0.42,-4.38,384443.86,360904.726
671,600466.SH,20170412,9.55,9.77,9.46,9.6,9.6,0.0,0.0,226442.19,217798.119
672,600466.SH,20170411,9.38,9.65,9.38,9.6,9.46,0.14,1.48,269888.3,257449.258
673,600466.SH,20170410,9.65,9.69,9.39,9.46,9.74,-0.28,-2.87,320864.63,304734.722
674,600466.SH,20170407,9.92,10.1,9.7,9.74,9.86,-0.12,-1.22,309130.41,303405.484
675,600466.SH,20170406,9.68,10.27,9.68,9.86,9.8,0.06,0.61,500445.42,500917.312
676,600466.SH,20170405,9.71,9.84,9.28,9.8,9.79,0.01,0.1,465224.68,443920.251
677,600466.SH,20170327,9.8,10.12,9.72,9.79,9.87,-0.08,-0.81,601094.85,593756.631
678,600466.SH,20170324,9.39,9.89,9.36,9.87,9.44,0.43,4.56,694706.04,673884.062
679,600466.SH,20170323,9.43,9.64,9.35,9.44,9.48,-0.04,-0.42,474939.5,450766.884
680,600466.SH,20170322,9.31,9.56,9.21,9.48,9.45,0.03,0.32,386317.89,362005.584
681,600466.SH,20170321,9.26,9.54,9.2,9.45,9.3,0.15,1.61,578079.89,546591.91
682,600466.SH,20170320,9.11,9.31,8.92,9.3,9.15,0.15,1.64,427251.94,389976.302
683,600466.SH,20170317,9.28,9.35,9.12,9.15,9.31,-0.16,-1.72,334036.95,308265.775
684,600466.SH,20170316,9.3,9.41,9.23,9.31,9.31,0.0,0.0,350115.68,325613.657
685,600466.SH,20170315,9.34,9.43,9.24,9.31,9.44,-0.13,-1.38,409428.02,381904.424
686,600466.SH,20170314,9.19,9.54,9.19,9.44,9.08,0.36,3.96,854583.75,804398.577
687,600466.SH,20170313,8.78,9.21,8.63,9.08,8.78,0.3,3.42,409012.49,367272.102
688,600466.SH,20170310,8.73,8.86,8.72,8.78,8.74,0.04,0.46,113756.41,100075.418
689,600466.SH,20170309,8.87,8.88,8.72,8.74,8.88,-0.14,-1.58,187145.83,164235.483
690,600466.SH,20170308,9.0,9.0,8.86,8.88,9.02,-0.14,-1.55,176134.97,157213.798
691,600466.SH,20170307,9.0,9.06,8.94,9.02,9.02,0.0,0.0,139247.6,125233.608
692,600466.SH,20170306,8.92,9.03,8.91,9.02,8.97,0.05,0.56,137476.75,123522.772
693,600466.SH,20170303,8.91,8.98,8.89,8.97,8.97,0.0,0.0,134465.93,120093.971
694,600466.SH,20170302,9.08,9.14,8.9,8.97,9.09,-0.12,-1.32,245301.93,220729.645
695,600466.SH,20170301,9.13,9.15,9.05,9.09,9.16,-0.07,-0.76,223522.14,203261.478
696,600466.SH,20170228,8.95,9.16,8.93,9.16,8.87,0.29,3.27,413637.91,376029.326
697,600466.SH,20170227,8.91,8.94,8.83,8.87,8.9,-0.03,-0.34,158300.66,140756.115
698,600466.SH,20170224,8.83,8.92,8.8,8.9,8.86,0.04,0.45,166200.49,147165.929
699,600466.SH,20170223,8.98,8.98,8.8,8.86,9.01,-0.15,-1.66,216954.77,192663.062
700,600466.SH,20170222,9.03,9.07,8.95,9.01,9.03,-0.02,-0.22,186447.04,167764.78
701,600466.SH,20170221,8.95,9.04,8.88,9.03,8.94,0.09,1.01,187682.22,168094.371
702,600466.SH,20170220,8.85,8.96,8.83,8.94,8.83,0.11,1.25,160069.87,142444.226
703,600466.SH,20170217,9.15,9.16,8.82,8.83,9.17,-0.34,-3.71,383443.32,343966.084
704,600466.SH,20170216,9.13,9.2,9.11,9.17,9.13,0.04,0.44,217396.53,198916.198
705,600466.SH,20170215,9.19,9.29,9.1,9.13,9.18,-0.05,-0.54,300010.28,276086.868
706,600466.SH,20170214,9.33,9.37,9.14,9.18,9.32,-0.14,-1.5,337603.16,311090.084
707,600466.SH,20170213,9.35,9.43,9.29,9.32,9.38,-0.06,-0.64,344474.74,322344.183
708,600466.SH,20170210,9.39,9.53,9.33,9.38,9.57,-0.19,-1.99,527120.21,496978.095
709,600466.SH,20170209,9.2,9.58,9.11,9.57,9.13,0.44,4.82,905066.65,848191.829
710,600466.SH,20170208,9.14,9.16,9.0,9.13,9.18,-0.05,-0.54,242603.15,220553.204
711,600466.SH,20170207,9.07,9.3,9.0,9.18,9.09,0.09,0.99,392288.0,359011.744
712,600466.SH,20170206,8.88,9.09,8.84,9.09,8.88,0.21,2.36,243214.55,218700.414
713,600466.SH,20170203,8.98,9.02,8.82,8.88,8.99,-0.11,-1.22,168719.68,149830.054
714,600466.SH,20170126,9.01,9.09,8.95,8.99,9.01,-0.02,-0.22,170637.34,153406.439
715,600466.SH,20170125,8.9,9.03,8.81,9.01,8.94,0.07,0.78,236089.58,210812.794
716,600466.SH,20170124,8.81,9.13,8.78,8.94,8.81,0.13,1.48,481828.83,434173.623
717,600466.SH,20170123,8.8,8.89,8.77,8.81,8.85,-0.04,-0.45,261647.15,230728.841
718,600466.SH,20170120,8.53,8.9,8.49,8.85,8.52,0.33,3.87,344336.43,300085.546
719,600466.SH,20170119,8.77,8.77,8.5,8.52,8.79,-0.27,-3.07,270827.11,233653.264
720,600466.SH,20170118,8.89,8.89,8.74,8.79,8.89,-0.1,-1.12,238304.97,210175.001
721,600466.SH,20170117,8.68,8.9,8.56,8.89,8.8,0.09,1.02,341494.61,297903.346
722,600466.SH,20170116,9.09,9.16,8.26,8.8,9.16,-0.36,-3.93,686679.2,598033.794
723,600466.SH,20170113,9.13,9.27,9.08,9.16,9.16,0.0,0.0,307132.8,282168.155
724,600466.SH,20170112,9.08,9.24,9.08,9.16,9.13,0.03,0.33,305395.02,279497.066
725,600466.SH,20170111,9.38,9.47,9.12,9.13,9.39,-0.26,-2.77,473894.03,440634.072
726,600466.SH,20170110,9.32,9.55,9.25,9.39,9.31,0.08,0.86,677450.19,636920.604
727,600466.SH,20170109,9.34,9.41,9.21,9.31,9.34,-0.03,-0.32,487397.3,454300.633
728,600466.SH,20170106,9.5,9.55,9.27,9.34,9.52,-0.18,-1.89,607930.57,569888.875
729,600466.SH,20170105,9.84,9.88,9.5,9.52,9.83,-0.31,-3.15,737252.75,712696.554
730,600466.SH,20170104,9.69,9.87,9.68,9.83,9.74,0.09,0.92,555687.37,543048.916
731,600466.SH,20170103,9.77,9.86,9.64,9.74,9.67,0.07,0.72,450166.04,438434.436
